longitud_m,repeticion,vuelta,t_vuelta_s,t_acumulado_s,amplitud_grados,masa_g,fotos
1.0,1,1,2.07,2.07,9,13,L100_r1_1/L100_r1_2
1.0,1,2,1.88,3.95,9,13,L100_r1_1/L100_r1_2
1.0,1,3,2.01,5.97,9,13,L100_r1_1/L100_r1_2
1.0,1,4,2.02,7.99,9,13,L100_r1_1/L100_r1_2
1.0,1,5,2.00,10.00,9,13,L100_r1_1/L100_r1_2
1.0,1,6,2.01,12.01,9,13,L100_r1_1/L100_r1_2
1.0,1,7,2.02,14.04,9,13,L100_r1_1/L100_r1_2
1.0,1,8,2.00,16.04,9,13,L100_r1_1/L100_r1_2
1.0,1,9,1.99,18.03,9,13,L100_r1_1/L100_r1_2
1.0,1,10,2.06,20.10,9,13,L100_r1_1/L100_r1_2
1.0,2,1,1.89,1.89,9,13,L100_r2_1/L100_r2_2
1.0,2,2,1.97,3.86,9,13,L100_r2_1/L100_r2_2
1.0,2,3,1.99,5.86,9,13,L100_r2_1/L100_r2_2
1.0,2,4,2.06,7.92,9,13,L100_r2_1/L100_r2_2
1.0,2,5,1.98,9.91,9,13,L100_r2_1/L100_r2_2
1.0,2,6,1.99,11.90,9,13,L100_r2_1/L100_r2_2
1.0,2,7,2.05,13.96,9,13,L100_r2_1/L100_r2_2
1.0,2,8,1.91,15.88,9,13,L100_r2_1/L100_r2_2
1.0,2,9,2.01,17.89,9,13,L100_r2_1/L100_r2_2
1.0,2,10,2.15,20.04,9,13,L100_r2_1/L100_r2_2
1.0,3,1,2.02,2.02,9,13,L100_r3_1/L100_r3_2
1.0,3,2,2.08,4.10,9,13,L100_r3_1/L100_r3_2
1.0,3,3,2.05,6.15,9,13,L100_r3_1/L100_r3_2
1.0,3,4,1.99,8.15,9,13,L100_r3_1/L100_r3_2
1.0,3,5,1.97,10.13,9,13,L100_r3_1/L100_r3_2
1.0,3,6,1.85,11.99,9,13,L100_r3_1/L100_r3_2
1.0,3,7,2.19,14.18,9,13,L100_r3_1/L100_r3_2
1.0,3,8,2.06,16.25,9,13,L100_r3_1/L100_r3_2
1.0,3,9,1.95,18.20,9,13,L100_r3_1/L100_r3_2
1.0,3,10,2.02,20.22,9,13,L100_r3_1/L100_r3_2
0.9,1,1,1.84,1.84,9,13,L90_r1_1/L90_r1_2 (L90_r2_* son copias idénticas)
0.9,1,2,1.77,3.62,9,13,L90_r1_1/L90_r1_2 (L90_r2_* son copias idénticas)
0.9,1,3,2.00,5.62,9,13,L90_r1_1/L90_r1_2 (L90_r2_* son copias idénticas)
0.9,1,4,1.87,7.49,9,13,L90_r1_1/L90_r1_2 (L90_r2_* son copias idénticas)
0.9,1,5,1.95,9.45,9,13,L90_r1_1/L90_r1_2 (L90_r2_* son copias idénticas)
0.9,1,6,1.85,11.30,9,13,L90_r1_1/L90_r1_2 (L90_r2_* son copias idénticas)
0.9,1,7,1.92,13.22,9,13,L90_r1_1/L90_r1_2 (L90_r2_* son copias idénticas)
0.9,1,8,1.93,15.16,9,13,L90_r1_1/L90_r1_2 (L90_r2_* son copias idénticas)
0.9,1,9,1.87,17.03,9,13,L90_r1_1/L90_r1_2 (L90_r2_* son copias idénticas)
0.9,1,10,1.88,18.92,9,13,L90_r1_1/L90_r1_2 (L90_r2_* son copias idénticas)
0.9,3,1,1.87,1.87,9,13,L90_r3_1/L90_R3_2
0.9,3,2,1.84,3.71,9,13,L90_r3_1/L90_R3_2
0.9,3,3,1.88,5.59,9,13,L90_r3_1/L90_R3_2
0.9,3,4,1.95,7.55,9,13,L90_r3_1/L90_R3_2
0.9,3,5,1.83,9.38,9,13,L90_r3_1/L90_R3_2
0.9,3,6,1.86,11.25,9,13,L90_r3_1/L90_R3_2
0.9,3,7,2.02,13.27,9,13,L90_r3_1/L90_R3_2
0.9,3,8,1.92,15.20,9,13,L90_r3_1/L90_R3_2
0.9,3,9,1.80,17.00,9,13,L90_r3_1/L90_R3_2
0.9,3,10,1.96,18.97,9,13,L90_r3_1/L90_R3_2
0.8,1,1,1.88,1.88,9,13,L80_R1_1/L80_R1_2
0.8,1,2,1.76,3.64,9,13,L80_R1_1/L80_R1_2
0.8,1,3,1.89,5.54,9,13,L80_R1_1/L80_R1_2
0.8,1,4,1.71,7.25,9,13,L80_R1_1/L80_R1_2
0.8,1,5,1.78,9.03,9,13,L80_R1_1/L80_R1_2
0.8,1,6,1.83,10.87,9,13,L80_R1_1/L80_R1_2
0.8,1,7,1.89,12.76,9,13,L80_R1_1/L80_R1_2
0.8,1,8,1.78,14.54,9,13,L80_R1_1/L80_R1_2
0.8,1,9,1.75,16.30,9,13,L80_R1_1/L80_R1_2
0.8,1,10,1.85,18.15,9,13,L80_R1_1/L80_R1_2
0.8,2,1,1.66,1.66,9,13,L80_R2_1/L80_R2_2
0.8,2,2,1.77,3.44,9,13,L80_R2_1/L80_R2_2
0.8,2,3,1.91,5.35,9,13,L80_R2_1/L80_R2_2
0.8,2,4,1.79,7.15,9,13,L80_R2_1/L80_R2_2
0.8,2,5,1.85,9.00,9,13,L80_R2_1/L80_R2_2
0.8,2,6,1.77,10.78,9,13,L80_R2_1/L80_R2_2
0.8,2,7,1.78,12.56,9,13,L80_R2_1/L80_R2_2
0.8,2,8,1.81,14.37,9,13,L80_R2_1/L80_R2_2
0.8,2,9,1.79,16.17,9,13,L80_R2_1/L80_R2_2
0.8,2,10,1.73,17.90,9,13,L80_R2_1/L80_R2_2
0.8,3,1,1.72,1.72,9,13,L80_R3_1/L80_R3_2
0.8,3,2,1.83,3.56,9,13,L80_R3_1/L80_R3_2
0.8,3,3,1.81,5.37,9,13,L80_R3_1/L80_R3_2
0.8,3,4,1.78,7.16,9,13,L80_R3_1/L80_R3_2
0.8,3,5,1.75,8.91,9,13,L80_R3_1/L80_R3_2
0.8,3,6,1.85,10.76,9,13,L80_R3_1/L80_R3_2
0.8,3,7,1.87,12.64,9,13,L80_R3_1/L80_R3_2
0.8,3,8,1.80,14.44,9,13,L80_R3_1/L80_R3_2
0.8,3,9,1.72,16.16,9,13,L80_R3_1/L80_R3_2
0.8,3,10,1.88,18.05,9,13,L80_R3_1/L80_R3_2
0.7,2,1,1.53,1.53,9,13,L70_R2_1/L70_R2_2 (L70_R1_2 es copia de L70_R2_2; L70_R1_1 es copia de L80_R3_1)
0.7,2,2,1.67,3.20,9,13,L70_R2_1/L70_R2_2 (L70_R1_2 es copia de L70_R2_2; L70_R1_1 es copia de L80_R3_1)
0.7,2,3,1.68,4.89,9,13,L70_R2_1/L70_R2_2 (L70_R1_2 es copia de L70_R2_2; L70_R1_1 es copia de L80_R3_1)
0.7,2,4,1.72,6.62,9,13,L70_R2_1/L70_R2_2 (L70_R1_2 es copia de L70_R2_2; L70_R1_1 es copia de L80_R3_1)
0.7,2,5,1.73,8.35,9,13,L70_R2_1/L70_R2_2 (L70_R1_2 es copia de L70_R2_2; L70_R1_1 es copia de L80_R3_1)
0.7,2,6,1.67,10.03,9,13,L70_R2_1/L70_R2_2 (L70_R1_2 es copia de L70_R2_2; L70_R1_1 es copia de L80_R3_1)
0.7,2,7,1.69,11.72,9,13,L70_R2_1/L70_R2_2 (L70_R1_2 es copia de L70_R2_2; L70_R1_1 es copia de L80_R3_1)
0.7,2,8,1.69,13.42,9,13,L70_R2_1/L70_R2_2 (L70_R1_2 es copia de L70_R2_2; L70_R1_1 es copia de L80_R3_1)
0.7,2,9,1.71,15.13,9,13,L70_R2_1/L70_R2_2 (L70_R1_2 es copia de L70_R2_2; L70_R1_1 es copia de L80_R3_1)
0.7,2,10,1.69,16.82,9,13,L70_R2_1/L70_R2_2 (L70_R1_2 es copia de L70_R2_2; L70_R1_1 es copia de L80_R3_1)
0.7,3,1,1.93,1.93,9,13,L70_R3_1/L70_R3_2
0.7,3,2,1.68,3.61,9,13,L70_R3_1/L70_R3_2
0.7,3,3,1.70,5.31,9,13,L70_R3_1/L70_R3_2
0.7,3,4,1.64,6.96,9,13,L70_R3_1/L70_R3_2
0.7,3,5,1.76,8.73,9,13,L70_R3_1/L70_R3_2
0.7,3,6,1.68,10.41,9,13,L70_R3_1/L70_R3_2
0.7,3,7,1.70,12.11,9,13,L70_R3_1/L70_R3_2
0.7,3,8,1.73,13.85,9,13,L70_R3_1/L70_R3_2
0.7,3,9,1.58,15.44,9,13,L70_R3_1/L70_R3_2
0.7,3,10,1.71,17.15,9,13,L70_R3_1/L70_R3_2
0.6,1,1,1.55,1.55,9,13,L60_R1_1/L60_R1_2
0.6,1,2,1.55,3.11,9,13,L60_R1_1/L60_R1_2
0.6,1,3,1.49,4.61,9,13,L60_R1_1/L60_R1_2
0.6,1,4,1.61,6.22,9,13,L60_R1_1/L60_R1_2
0.6,1,5,1.56,7.78,9,13,L60_R1_1/L60_R1_2
0.6,1,6,1.55,9.34,9,13,L60_R1_1/L60_R1_2
0.6,1,7,1.58,10.92,9,13,L60_R1_1/L60_R1_2
0.6,1,8,1.56,12.48,9,13,L60_R1_1/L60_R1_2
0.6,1,9,1.53,14.02,9,13,L60_R1_1/L60_R1_2
0.6,1,10,1.55,15.57,9,13,L60_R1_1/L60_R1_2
0.6,2,1,1.71,1.71,9,13,L60_R2_1/L60_R2_2
0.6,2,2,1.41,3.12,9,13,L60_R2_1/L60_R2_2
0.6,2,3,1.54,4.67,9,13,L60_R2_1/L60_R2_2
0.6,2,4,1.58,6.25,9,13,L60_R2_1/L60_R2_2
0.6,2,5,1.58,7.84,9,13,L60_R2_1/L60_R2_2
0.6,2,6,1.51,9.35,9,13,L60_R2_1/L60_R2_2
0.6,2,7,1.57,10.93,9,13,L60_R2_1/L60_R2_2
0.6,2,8,1.58,12.51,9,13,L60_R2_1/L60_R2_2
0.6,2,9,1.57,14.09,9,13,L60_R2_1/L60_R2_2
0.6,2,10,1.58,15.67,9,13,L60_R2_1/L60_R2_2
0.6,3,1,1.57,1.57,9,13,L60_R3_1/L60_R3_2
0.6,3,2,1.54,3.12,9,13,L60_R3_1/L60_R3_2
0.6,3,3,1.49,4.61,9,13,L60_R3_1/L60_R3_2
0.6,3,4,1.58,6.20,9,13,L60_R3_1/L60_R3_2
0.6,3,5,1.60,7.80,9,13,L60_R3_1/L60_R3_2
0.6,3,6,1.57,9.37,9,13,L60_R3_1/L60_R3_2
0.6,3,7,1.54,10.92,9,13,L60_R3_1/L60_R3_2
0.6,3,8,1.57,12.49,9,13,L60_R3_1/L60_R3_2
0.6,3,9,1.50,14.00,9,13,L60_R3_1/L60_R3_2
0.6,3,10,1.50,15.50,9,13,L60_R3_1/L60_R3_2
0.4,1,1,1.28,1.28,9,13,L40_R1_1/L40_R1_2
0.4,1,2,1.16,2.44,9,13,L40_R1_1/L40_R1_2
0.4,1,3,1.39,3.83,9,13,L40_R1_1/L40_R1_2
0.4,1,4,1.23,5.07,9,13,L40_R1_1/L40_R1_2
0.4,1,5,1.35,6.42,9,13,L40_R1_1/L40_R1_2
0.4,1,6,1.26,7.68,9,13,L40_R1_1/L40_R1_2
0.4,1,7,1.25,8.94,9,13,L40_R1_1/L40_R1_2
0.4,1,8,1.34,10.28,9,13,L40_R1_1/L40_R1_2
0.4,1,9,1.21,11.50,9,13,L40_R1_1/L40_R1_2
0.4,1,10,1.31,12.82,9,13,L40_R1_1/L40_R1_2
0.4,1,11,1.30,14.12,9,13,L40_R1_1/L40_R1_2
0.4,2,1,1.33,1.33,9,13,L40_R2_1/L40_R2_2
0.4,2,2,1.28,2.62,9,13,L40_R2_1/L40_R2_2
0.4,2,3,1.36,3.98,9,13,L40_R2_1/L40_R2_2
0.4,2,4,1.35,5.33,9,13,L40_R2_1/L40_R2_2
0.4,2,5,1.22,6.55,9,13,L40_R2_1/L40_R2_2
0.4,2,6,1.29,7.84,9,13,L40_R2_1/L40_R2_2
0.4,2,7,1.31,9.15,9,13,L40_R2_1/L40_R2_2
0.4,2,8,1.30,10.46,9,13,L40_R2_1/L40_R2_2
0.4,2,9,1.27,11.73,9,13,L40_R2_1/L40_R2_2
0.4,2,10,1.20,12.93,9,13,L40_R2_1/L40_R2_2
0.4,3,1,1.40,1.40,9,13,L40_R3_1/L40_R3_2
0.4,3,2,1.20,2.61,9,13,L40_R3_1/L40_R3_2
0.4,3,3,1.31,3.92,9,13,L40_R3_1/L40_R3_2
0.4,3,4,1.35,5.27,9,13,L40_R3_1/L40_R3_2
0.4,3,5,1.22,6.50,9,13,L40_R3_1/L40_R3_2
0.4,3,6,1.27,7.77,9,13,L40_R3_1/L40_R3_2
0.4,3,7,1.29,9.06,9,13,L40_R3_1/L40_R3_2
0.4,3,8,1.35,10.42,9,13,L40_R3_1/L40_R3_2
0.4,3,9,1.31,11.74,9,13,L40_R3_1/L40_R3_2
0.4,3,10,1.22,12.96,9,13,L40_R3_1/L40_R3_2
0.2,1,1,1.11,1.11,9,13,L20_R1_1/L20_R1_2
0.2,1,2,0.87,1.99,9,13,L20_R1_1/L20_R1_2
0.2,1,3,0.91,2.90,9,13,L20_R1_1/L20_R1_2
0.2,1,4,0.82,3.73,9,13,L20_R1_1/L20_R1_2
0.2,1,5,0.98,4.71,9,13,L20_R1_1/L20_R1_2
0.2,1,6,0.87,5.58,9,13,L20_R1_1/L20_R1_2
0.2,1,7,0.89,6.47,9,13,L20_R1_1/L20_R1_2
0.2,1,8,0.87,7.35,9,13,L20_R1_1/L20_R1_2
0.2,1,9,0.89,8.25,9,13,L20_R1_1/L20_R1_2
0.2,1,10,0.91,9.17,9,13,L20_R1_1/L20_R1_2
0.2,2,1,0.92,0.92,9,13,L20_R2_1/L20_R2_2
0.2,2,2,0.88,1.81,9,13,L20_R2_1/L20_R2_2
0.2,2,3,0.85,2.66,9,13,L20_R2_1/L20_R2_2
0.2,2,4,0.94,3.61,9,13,L20_R2_1/L20_R2_2
0.2,2,5,0.88,4.49,9,13,L20_R2_1/L20_R2_2
0.2,2,6,0.92,5.41,9,13,L20_R2_1/L20_R2_2
0.2,2,7,0.89,6.31,9,13,L20_R2_1/L20_R2_2
0.2,2,8,0.87,7.19,9,13,L20_R2_1/L20_R2_2
0.2,2,9,0.92,8.11,9,13,L20_R2_1/L20_R2_2
0.2,2,10,0.96,9.08,9,13,L20_R2_1/L20_R2_2
0.2,3,1,0.86,0.86,9,13,L20_R3_1/L20_R3_2
0.2,3,2,0.80,1.67,9,13,L20_R3_1/L20_R3_2
0.2,3,3,0.92,2.59,9,13,L20_R3_1/L20_R3_2
0.2,3,4,0.91,3.50,9,13,L20_R3_1/L20_R3_2
0.2,3,5,0.87,4.38,9,13,L20_R3_1/L20_R3_2
0.2,3,6,0.92,5.31,9,13,L20_R3_1/L20_R3_2
0.2,3,7,0.85,6.16,9,13,L20_R3_1/L20_R3_2
0.2,3,8,0.93,7.10,9,13,L20_R3_1/L20_R3_2
0.2,3,9,0.86,7.97,9,13,L20_R3_1/L20_R3_2
0.2,3,10,0.91,8.89,9,13,L20_R3_1/L20_R3_2
0.2,3,11,0.96,9.85,9,13,L20_R3_1/L20_R3_2
